"state","output","LL","Median","UL","year","scenario"
"Abia","ts_deaths",300,329,360.525,1,"status quo"
"Abia","ts_deaths",294,327,360.725,2,"status quo"
"Abia","ts_deaths",294.475,325.5,359,3,"status quo"
"Abia","ts_deaths",294.75,333,372.675,4,"status quo"
"Abia","ts_deaths",284.85,331.5,368.05,5,"status quo"
"Abia","ts_deaths",299.425,332,364.625,6,"status quo"
"Abia","ts_deaths",294.9,330,365.05,7,"status quo"
"Abia","ts_deaths",296.325,332,375.525,8,"status quo"
"Abia","ts_deaths",297.425,328.5,376,9,"status quo"
"Abia","ts_deaths",285.475,329,364.1,10,"status quo"
"Adamawa","ts_deaths",92.475,111,132.05,1,"status quo"
"Adamawa","ts_deaths",94.425,117,137.05,2,"status quo"
"Adamawa","ts_deaths",91.475,112,135,3,"status quo"
"Adamawa","ts_deaths",94,114,139,4,"status quo"
"Adamawa","ts_deaths",95,111.5,137.525,5,"status quo"
"Adamawa","ts_deaths",94.95,113,135,6,"status quo"
"Adamawa","ts_deaths",94.95,114,138.525,7,"status quo"
"Adamawa","ts_deaths",92,112.5,136.575,8,"status quo"
"Adamawa","ts_deaths",89.475,111,132.625,9,"status quo"
"Adamawa","ts_deaths",91.475,113,138.05,10,"status quo"
"Akwa Ibom","ts_deaths",379.475,422.5,460.525,1,"status quo"
"Akwa Ibom","ts_deaths",389.325,427.5,466.625,2,"status quo"
"Akwa Ibom","ts_deaths",386.85,424,475.2,3,"status quo"
"Akwa Ibom","ts_deaths",390.9,423.5,462.525,4,"status quo"
"Akwa Ibom","ts_deaths",376.75,426,472.525,5,"status quo"
"Akwa Ibom","ts_deaths",374.475,427,469.525,6,"status quo"
"Akwa Ibom","ts_deaths",390.475,418.5,475.15,7,"status quo"
"Akwa Ibom","ts_deaths",377.95,421,470.2,8,"status quo"
"Akwa Ibom","ts_deaths",381,426,464.15,9,"status quo"
"Akwa Ibom","ts_deaths",390.425,428.5,468.525,10,"status quo"
"Anambra","ts_deaths",266.475,311.5,379.525,1,"status quo"
"Anambra","ts_deaths",268.75,322,374.575,2,"status quo"
"Anambra","ts_deaths",256.475,308.5,377.525,3,"status quo"
"Anambra","ts_deaths",267.95,318,381.575,4,"status quo"
"Anambra","ts_deaths",261.375,315,383.05,5,"status quo"
"Anambra","ts_deaths",264,317.5,371,6,"status quo"
"Anambra","ts_deaths",257.85,314,381.775,7,"status quo"
"Anambra","ts_deaths",261.225,314,379.65,8,"status quo"
"Anambra","ts_deaths",265,317.5,368.1,9,"status quo"
"Anambra","ts_deaths",259.475,315.5,382,10,"status quo"
"Bauchi","ts_deaths",78.475,96,113,1,"status quo"
"Bauchi","ts_deaths",76,99,116.525,2,"status quo"
"Bauchi","ts_deaths",82.425,100,117.525,3,"status quo"
"Bauchi","ts_deaths",83,99.5,121.05,4,"status quo"
"Bauchi","ts_deaths",79.95,97,117,5,"status quo"
"Bauchi","ts_deaths",83.475,97,113.575,6,"status quo"
"Bauchi","ts_deaths",79,99.5,118,7,"status quo"
"Bauchi","ts_deaths",78.475,97,117.525,8,"status quo"
"Bauchi","ts_deaths",77.9,99,120.525,9,"status quo"
"Bauchi","ts_deaths",78.95,98,119,10,"status quo"
"Bayelsa","ts_deaths",72.475,93.5,115,1,"status quo"
"Bayelsa","ts_deaths",67.85,95.5,117.525,2,"status quo"
"Bayelsa","ts_deaths",72.475,92,115.525,3,"status quo"
"Bayelsa","ts_deaths",72.475,93,113.525,4,"status quo"
"Bayelsa","ts_deaths",72.475,94,115,5,"status quo"
"Bayelsa","ts_deaths",75,93,116.525,6,"status quo"
"Bayelsa","ts_deaths",74.475,95,113.05,7,"status quo"
"Bayelsa","ts_deaths",70.95,93,113.525,8,"status quo"
"Bayelsa","ts_deaths",75.475,92.5,117.675,9,"status quo"
"Bayelsa","ts_deaths",72,94,111.05,10,"status quo"
"Benue","ts_deaths",358,425,499.1,1,"status quo"
"Benue","ts_deaths",366.9,427,521.725,2,"status quo"
"Benue","ts_deaths",355.9,424,513.525,3,"status quo"
"Benue","ts_deaths",362.9,426.5,517.2,4,"status quo"
"Benue","ts_deaths",362.475,427,503.05,5,"status quo"
"Benue","ts_deaths",356.325,433,506.575,6,"status quo"
"Benue","ts_deaths",352.8,421.5,502.725,7,"status quo"
"Benue","ts_deaths",364.425,430.5,501,8,"status quo"
"Benue","ts_deaths",359.425,419.5,491.575,9,"status quo"
"Benue","ts_deaths",352.95,425,513.05,10,"status quo"
"Cross River","ts_deaths",254.9,308.5,373.525,1,"status quo"
"Cross River","ts_deaths",254,311,375.3,2,"status quo"
"Cross River","ts_deaths",250.75,307,382.575,3,"status quo"
"Cross River","ts_deaths",247.425,309,376.1,4,"status quo"
"Cross River","ts_deaths",257.475,314,368.525,5,"status quo"
"Cross River","ts_deaths",252,316,369.525,6,"status quo"
"Cross River","ts_deaths",257.85,309,376.525,7,"status quo"
"Cross River","ts_deaths",254.95,313,375,8,"status quo"
"Cross River","ts_deaths",250.375,310,378.525,9,"status quo"
"Cross River","ts_deaths",243.95,310.5,367.525,10,"status quo"
"Delta","ts_deaths",210.475,263,306.05,1,"status quo"
"Delta","ts_deaths",214.95,261.5,306.625,2,"status quo"
"Delta","ts_deaths",214.425,255,311,3,"status quo"
"Delta","ts_deaths",215.9,261.5,312.575,4,"status quo"
"Delta","ts_deaths",213.95,261,309.1,5,"status quo"
"Delta","ts_deaths",213.9,258.5,316,6,"status quo"
"Delta","ts_deaths",210.95,256.5,307.05,7,"status quo"
"Delta","ts_deaths",214.425,256,312.575,8,"status quo"
"Delta","ts_deaths",208.475,258,306.575,9,"status quo"
"Delta","ts_deaths",209.95,255.5,310,10,"status quo"
"Ebonyi","ts_deaths",292.225,351,419.15,1,"status quo"
"Ebonyi","ts_deaths",292.95,355,433.35,2,"status quo"
"Ebonyi","ts_deaths",297.75,362,438,3,"status quo"
"Ebonyi","ts_deaths",292.475,363,427.525,4,"status quo"
"Ebonyi","ts_deaths",292.95,353.5,414.525,5,"status quo"
"Ebonyi","ts_deaths",294.95,350.5,427.05,6,"status quo"
"Ebonyi","ts_deaths",301.475,359,429.975,7,"status quo"
"Ebonyi","ts_deaths",303.475,352,445.525,8,"status quo"
"Ebonyi","ts_deaths",293.375,352,428.675,9,"status quo"
"Ebonyi","ts_deaths",293.85,357.5,429.05,10,"status quo"
"Edo","ts_deaths",85.95,106.5,128.15,1,"status quo"
"Edo","ts_deaths",89,106.5,131.525,2,"status quo"
"Edo","ts_deaths",84.95,107,131.15,3,"status quo"
"Edo","ts_deaths",89.475,107.5,125.525,4,"status quo"
"Edo","ts_deaths",87,106,123.525,5,"status quo"
"Edo","ts_deaths",88,107,121.525,6,"status quo"
"Edo","ts_deaths",87,107.5,128.525,7,"status quo"
"Edo","ts_deaths",86.95,107,123.05,8,"status quo"
"Edo","ts_deaths",81.475,107,126.575,9,"status quo"
"Edo","ts_deaths",85.475,104,127,10,"status quo"
"Ekiti","ts_deaths",119.375,141,169.1,1,"status quo"
"Ekiti","ts_deaths",118.475,145,170.625,2,"status quo"
"Ekiti","ts_deaths",114.95,143,171.575,3,"status quo"
"Ekiti","ts_deaths",118.475,145,179.1,4,"status quo"
"Ekiti","ts_deaths",119,141,171.525,5,"status quo"
"Ekiti","ts_deaths",112.9,141,167.525,6,"status quo"
"Ekiti","ts_deaths",121,141,168.1,7,"status quo"
"Ekiti","ts_deaths",116.95,142,171.525,8,"status quo"
"Ekiti","ts_deaths",119,143,171.525,9,"status quo"
"Ekiti","ts_deaths",113.8,141,175.525,10,"status quo"
"Enugu","ts_deaths",391.95,458,554.4,1,"status quo"
"Enugu","ts_deaths",371.275,458,537.525,2,"status quo"
"Enugu","ts_deaths",380.95,461,535.725,3,"status quo"
"Enugu","ts_deaths",387.325,458.5,543.15,4,"status quo"
"Enugu","ts_deaths",385.425,462.5,536.525,5,"status quo"
"Enugu","ts_deaths",397.325,458.5,556.1,6,"status quo"
"Enugu","ts_deaths",389.475,459,554.2,7,"status quo"
"Enugu","ts_deaths",379.475,455.5,570.525,8,"status quo"
"Enugu","ts_deaths",377.425,454.5,546.525,9,"status quo"
"Enugu","ts_deaths",389.475,462,559.05,10,"status quo"
"Gombe","ts_deaths",36.475,51,65.525,1,"status quo"
"Gombe","ts_deaths",39.425,50,62.525,2,"status quo"
"Gombe","ts_deaths",37.475,51,65.525,3,"status quo"
"Gombe","ts_deaths",39,51,62,4,"status quo"
"Gombe","ts_deaths",39.475,53,64,5,"status quo"
"Gombe","ts_deaths",36.95,49,62.05,6,"status quo"
"Gombe","ts_deaths",36,47,61.525,7,"status quo"
"Gombe","ts_deaths",36.475,49,66,8,"status quo"
"Gombe","ts_deaths",37.425,50,63.05,9,"status quo"
"Gombe","ts_deaths",37.95,50.5,65.525,10,"status quo"
"Imo","ts_deaths",395.425,436,476.525,1,"status quo"
"Imo","ts_deaths",396.75,439,504.575,2,"status quo"
"Imo","ts_deaths",392.9,439.5,475.575,3,"status quo"
"Imo","ts_deaths",395.75,448,481.525,4,"status quo"
"Imo","ts_deaths",399.95,441,498,5,"status quo"
"Imo","ts_deaths",393.7,437.5,489.2,6,"status quo"
"Imo","ts_deaths",389.9,442,490.575,7,"status quo"
"Imo","ts_deaths",394.375,439.5,497.05,8,"status quo"
"Imo","ts_deaths",403.425,442,487.525,9,"status quo"
"Imo","ts_deaths",399.95,441,485.575,10,"status quo"
"Jigawa","ts_deaths",71.95,89.5,113,1,"status quo"
"Jigawa","ts_deaths",74.475,90,110,2,"status quo"
"Jigawa","ts_deaths",76.475,92,112.525,3,"status quo"
"Jigawa","ts_deaths",70.475,91,115,4,"status quo"
"Jigawa","ts_deaths",74.425,92,111.525,5,"status quo"
"Jigawa","ts_deaths",78.475,93,111.525,6,"status quo"
"Jigawa","ts_deaths",73.475,92,112.05,7,"status quo"
"Jigawa","ts_deaths",73.475,91,115,8,"status quo"
"Jigawa","ts_deaths",68.375,93,113,9,"status quo"
"Jigawa","ts_deaths",75,93,114.525,10,"status quo"
"Kaduna","ts_deaths",126.475,148,169.1,1,"status quo"
"Kaduna","ts_deaths",123.475,147.5,174.15,2,"status quo"
"Kaduna","ts_deaths",124.475,147,169.1,3,"status quo"
"Kaduna","ts_deaths",119.475,145,179.525,4,"status quo"
"Kaduna","ts_deaths",120.85,146,173.05,5,"status quo"
"Kaduna","ts_deaths",122.425,147,170.675,6,"status quo"
"Kaduna","ts_deaths",125.475,146,174.05,7,"status quo"
"Kaduna","ts_deaths",124,146,168,8,"status quo"
"Kaduna","ts_deaths",122.275,149.5,177.1,9,"status quo"
"Kaduna","ts_deaths",118.375,146,173,10,"status quo"
"Kano","ts_deaths",135.425,157.5,183.575,1,"status quo"
"Kano","ts_deaths",137.425,163,183.05,2,"status quo"
"Kano","ts_deaths",137,162,191.525,3,"status quo"
"Kano","ts_deaths",136.85,161,190.575,4,"status quo"
"Kano","ts_deaths",138.475,162,190.05,5,"status quo"
"Kano","ts_deaths",139.95,160,186.525,6,"status quo"
"Kano","ts_deaths",132.475,161,188.575,7,"status quo"
"Kano","ts_deaths",135.475,160,188.675,8,"status quo"
"Kano","ts_deaths",137.425,157.5,181.525,9,"status quo"
"Kano","ts_deaths",123.9,160,180.525,10,"status quo"
"Katsina","ts_deaths",86.475,103,120.675,1,"status quo"
"Katsina","ts_deaths",86,103,128.1,2,"status quo"
"Katsina","ts_deaths",84,102,122.525,3,"status quo"
"Katsina","ts_deaths",85.9,104,123.525,4,"status quo"
"Katsina","ts_deaths",81,104.5,120.525,5,"status quo"
"Katsina","ts_deaths",84.95,103,127.525,6,"status quo"
"Katsina","ts_deaths",80.475,107,125.525,7,"status quo"
"Katsina","ts_deaths",84.475,102,122,8,"status quo"
"Katsina","ts_deaths",82.425,103,122,9,"status quo"
"Katsina","ts_deaths",83.475,104,128.625,10,"status quo"
"Kebbi","ts_deaths",40.475,53,68.525,1,"status quo"
"Kebbi","ts_deaths",40.475,54,67.525,2,"status quo"
"Kebbi","ts_deaths",41.475,55,68,3,"status quo"
"Kebbi","ts_deaths",42,54,70.05,4,"status quo"
"Kebbi","ts_deaths",42.475,53.5,67,5,"status quo"
"Kebbi","ts_deaths",38.475,53,70.525,6,"status quo"
"Kebbi","ts_deaths",43,54,70.525,7,"status quo"
"Kebbi","ts_deaths",40.475,54,68,8,"status quo"
"Kebbi","ts_deaths",40.425,55,71.525,9,"status quo"
"Kebbi","ts_deaths",40.95,54,67.05,10,"status quo"
"Kogi","ts_deaths",49.9,67,83.1,1,"status quo"
"Kogi","ts_deaths",51.95,69,85.575,2,"status quo"
"Kogi","ts_deaths",55,69,87.05,3,"status quo"
"Kogi","ts_deaths",53.475,69,87.575,4,"status quo"
"Kogi","ts_deaths",54.475,69.5,86.05,5,"status quo"
"Kogi","ts_deaths",50.475,69,85.525,6,"status quo"
"Kogi","ts_deaths",55,70,87,7,"status quo"
"Kogi","ts_deaths",54,69,89,8,"status quo"
"Kogi","ts_deaths",53.475,69,89.625,9,"status quo"
"Kogi","ts_deaths",53.475,68,83.525,10,"status quo"
"Kwara","ts_deaths",18,30,41,1,"status quo"
"Kwara","ts_deaths",19.475,30,39,2,"status quo"
"Kwara","ts_deaths",20,32,44.05,3,"status quo"
"Kwara","ts_deaths",20,31.5,42,4,"status quo"
"Kwara","ts_deaths",21,29,38.525,5,"status quo"
"Kwara","ts_deaths",20.475,30,41.525,6,"status quo"
"Kwara","ts_deaths",20.475,30,42.1,7,"status quo"
"Kwara","ts_deaths",19.475,30,40.525,8,"status quo"
"Kwara","ts_deaths",18.95,29,39,9,"status quo"
"Kwara","ts_deaths",20,30,41.525,10,"status quo"
"Lagos","ts_deaths",97,114.5,133.575,1,"status quo"
"Lagos","ts_deaths",94,118,142,2,"status quo"
"Lagos","ts_deaths",96,115,136,3,"status quo"
"Lagos","ts_deaths",93,113.5,130.525,4,"status quo"
"Lagos","ts_deaths",102.475,116,137,5,"status quo"
"Lagos","ts_deaths",95.325,114,134.575,6,"status quo"
"Lagos","ts_deaths",93.9,114,136,7,"status quo"
"Lagos","ts_deaths",94,114,132,8,"status quo"
"Lagos","ts_deaths",93.475,115,131.525,9,"status quo"
"Lagos","ts_deaths",92.475,115,131.525,10,"status quo"
"Nasarawa","ts_deaths",37.475,49,62,1,"status quo"
"Nasarawa","ts_deaths",34,48,65,2,"status quo"
"Nasarawa","ts_deaths",35.475,49,63,3,"status quo"
"Nasarawa","ts_deaths",37.425,49,61.525,4,"status quo"
"Nasarawa","ts_deaths",33.475,50,65.525,5,"status quo"
"Nasarawa","ts_deaths",38,49.5,60.525,6,"status quo"
"Nasarawa","ts_deaths",37.475,51,67.05,7,"status quo"
"Nasarawa","ts_deaths",36.475,50,62.525,8,"status quo"
"Nasarawa","ts_deaths",35.475,48,62,9,"status quo"
"Nasarawa","ts_deaths",37,50.5,63.575,10,"status quo"
"Niger","ts_deaths",81.375,105,124.1,1,"status quo"
"Niger","ts_deaths",85.475,106.5,128.525,2,"status quo"
"Niger","ts_deaths",84.475,105,129.525,3,"status quo"
"Niger","ts_deaths",91.375,108,132,4,"status quo"
"Niger","ts_deaths",87,107,128,5,"status quo"
"Niger","ts_deaths",90.95,107,129.575,6,"status quo"
"Niger","ts_deaths",92.375,110,124,7,"status quo"
"Niger","ts_deaths",87.475,108,123.525,8,"status quo"
"Niger","ts_deaths",84.475,105,133,9,"status quo"
"Niger","ts_deaths",85.95,108,131.05,10,"status quo"
"Ogun","ts_deaths",37.475,49,65.525,1,"status quo"
"Ogun","ts_deaths",39,50.5,63.575,2,"status quo"
"Ogun","ts_deaths",34,49,61.525,3,"status quo"
"Ogun","ts_deaths",38,50,62,4,"status quo"
"Ogun","ts_deaths",36,48,66.525,5,"status quo"
"Ogun","ts_deaths",35.95,50,63,6,"status quo"
"Ogun","ts_deaths",38.475,49.5,67,7,"status quo"
"Ogun","ts_deaths",36.475,49,65.525,8,"status quo"
"Ogun","ts_deaths",39.475,49,64,9,"status quo"
"Ogun","ts_deaths",36.475,49,62,10,"status quo"
"Ondo","ts_deaths",107.475,135,163.525,1,"status quo"
"Ondo","ts_deaths",112.475,132.5,160.575,2,"status quo"
"Ondo","ts_deaths",108.475,134.5,166.525,3,"status quo"
"Ondo","ts_deaths",109.9,131.5,162.575,4,"status quo"
"Ondo","ts_deaths",114.95,136.5,169.05,5,"status quo"
"Ondo","ts_deaths",110.475,137.5,163.525,6,"status quo"
"Ondo","ts_deaths",108,135,160.525,7,"status quo"
"Ondo","ts_deaths",111,135.5,158.625,8,"status quo"
"Ondo","ts_deaths",109.475,131.5,163.625,9,"status quo"
"Ondo","ts_deaths",111.475,135,162.15,10,"status quo"
"Osun","ts_deaths",38,47.5,61.1,1,"status quo"
"Osun","ts_deaths",36.475,49,62.525,2,"status quo"
"Osun","ts_deaths",34.475,46,60.525,3,"status quo"
"Osun","ts_deaths",33.95,47,60.525,4,"status quo"
"Osun","ts_deaths",35.475,48,65.05,5,"status quo"
"Osun","ts_deaths",35.475,47,64.525,6,"status quo"
"Osun","ts_deaths",36,48,63,7,"status quo"
"Osun","ts_deaths",33.475,47,61.575,8,"status quo"
"Osun","ts_deaths",33,47,61.05,9,"status quo"
"Osun","ts_deaths",34,50,61.525,10,"status quo"
"Oyo","ts_deaths",60,75,89.525,1,"status quo"
"Oyo","ts_deaths",60.475,73.5,92.525,2,"status quo"
"Oyo","ts_deaths",60.475,77,94,3,"status quo"
"Oyo","ts_deaths",57.95,76,96.525,4,"status quo"
"Oyo","ts_deaths",62.475,77,92.525,5,"status quo"
"Oyo","ts_deaths",58.475,74,94.05,6,"status quo"
"Oyo","ts_deaths",58.475,76,94.575,7,"status quo"
"Oyo","ts_deaths",57.475,74.5,93.525,8,"status quo"
"Oyo","ts_deaths",60,77,91.05,9,"status quo"
"Oyo","ts_deaths",56.475,76,90.525,10,"status quo"
"Plateau","ts_deaths",118.475,142,167.05,1,"status quo"
"Plateau","ts_deaths",125.95,145,167.05,2,"status quo"
"Plateau","ts_deaths",124.325,146,175.575,3,"status quo"
"Plateau","ts_deaths",120.375,140.5,171.1,4,"status quo"
"Plateau","ts_deaths",117.425,140.5,165.05,5,"status quo"
"Plateau","ts_deaths",118.8,143.5,163.525,6,"status quo"
"Plateau","ts_deaths",116.475,144.5,172.525,7,"status quo"
"Plateau","ts_deaths",118.95,142.5,169,8,"status quo"
"Plateau","ts_deaths",122.475,145,176.525,9,"status quo"
"Plateau","ts_deaths",119.425,143,167.1,10,"status quo"
"Rivers","ts_deaths",477.85,533,585.675,1,"status quo"
"Rivers","ts_deaths",488.425,539.5,595.4,2,"status quo"
"Rivers","ts_deaths",495.475,541,593.625,3,"status quo"
"Rivers","ts_deaths",487.325,538.5,585,4,"status quo"
"Rivers","ts_deaths",498,546.5,604.525,5,"status quo"
"Rivers","ts_deaths",492.425,541.5,586.25,6,"status quo"
"Rivers","ts_deaths",492,542,589.575,7,"status quo"
"Rivers","ts_deaths",496,543,593.875,8,"status quo"
"Rivers","ts_deaths",493.425,538.5,601.525,9,"status quo"
"Rivers","ts_deaths",500,551,587.525,10,"status quo"
"Sokoto","ts_deaths",62,80.5,101.05,1,"status quo"
"Sokoto","ts_deaths",60.95,80.5,97,2,"status quo"
"Sokoto","ts_deaths",63.475,79,97,3,"status quo"
"Sokoto","ts_deaths",60.95,79,96.525,4,"status quo"
"Sokoto","ts_deaths",62.95,81,100.625,5,"status quo"
"Sokoto","ts_deaths",62.475,80,98.525,6,"status quo"
"Sokoto","ts_deaths",63.475,79,100.575,7,"status quo"
"Sokoto","ts_deaths",57.425,80,99.05,8,"status quo"
"Sokoto","ts_deaths",57.475,79,97,9,"status quo"
"Sokoto","ts_deaths",64.475,80.5,96.05,10,"status quo"
"Taraba","ts_deaths",74.475,99,121.1,1,"status quo"
"Taraba","ts_deaths",81.375,102,116.05,2,"status quo"
"Taraba","ts_deaths",77.9,98,118,3,"status quo"
"Taraba","ts_deaths",78.475,102,119.525,4,"status quo"
"Taraba","ts_deaths",80.95,101,118.575,5,"status quo"
"Taraba","ts_deaths",83.425,101,122.05,6,"status quo"
"Taraba","ts_deaths",78,98,122.05,7,"status quo"
"Taraba","ts_deaths",80.475,100.5,120.675,8,"status quo"
"Taraba","ts_deaths",78.425,99,117.575,9,"status quo"
"Taraba","ts_deaths",79.95,101,120.05,10,"status quo"
"Yobe","ts_deaths",34,45,56,1,"status quo"
"Yobe","ts_deaths",30.9,45,57.525,2,"status quo"
"Yobe","ts_deaths",34.475,48,60,3,"status quo"
"Yobe","ts_deaths",31.475,46.5,59,4,"status quo"
"Yobe","ts_deaths",36,47,65.05,5,"status quo"
"Yobe","ts_deaths",35.475,49,64.05,6,"status quo"
"Yobe","ts_deaths",33.475,46,58.525,7,"status quo"
"Yobe","ts_deaths",33.475,45,61.525,8,"status quo"
"Yobe","ts_deaths",34.475,45,60.525,9,"status quo"
"Yobe","ts_deaths",35.475,46,61,10,"status quo"
"Zamfara","ts_deaths",44.475,63,78.1,1,"status quo"
"Zamfara","ts_deaths",51,63.5,77.05,2,"status quo"
"Zamfara","ts_deaths",49.95,63.5,80.525,3,"status quo"
"Zamfara","ts_deaths",50.475,65,80.525,4,"status quo"
"Zamfara","ts_deaths",47.95,63.5,81,5,"status quo"
"Zamfara","ts_deaths",49.95,63,81.525,6,"status quo"
"Zamfara","ts_deaths",49.475,63,81.575,7,"status quo"
"Zamfara","ts_deaths",51.475,66,82,8,"status quo"
"Zamfara","ts_deaths",51,65,81,9,"status quo"
"Zamfara","ts_deaths",48.95,64,79,10,"status quo"
"Federal Capital Territory","ts_deaths",21,33.5,45.525,1,"status quo"
"Federal Capital Territory","ts_deaths",22.95,34,46,2,"status quo"
"Federal Capital Territory","ts_deaths",22.475,34,45.525,3,"status quo"
"Federal Capital Territory","ts_deaths",24,34,45,4,"status quo"
"Federal Capital Territory","ts_deaths",25,35.5,46.525,5,"status quo"
"Federal Capital Territory","ts_deaths",21.475,34,46.05,6,"status quo"
"Federal Capital Territory","ts_deaths",22.475,36,46.575,7,"status quo"
"Federal Capital Territory","ts_deaths",24.475,34,48.1,8,"status quo"
"Federal Capital Territory","ts_deaths",23,34,45.525,9,"status quo"
"Federal Capital Territory","ts_deaths",24,34.5,48,10,"status quo"
